City,Latitude,Temperature,Humidity,WindSpeed,Cloudiness,Date,Country
Saint-Philippe,45.36,57.2,47,9.17,1,1537653600,CA
Puerto Colombia,10.99,75.2,100,2.24,75,1537650000,CO
Jumla,29.28,36.68,92,2.28,100,1537654938,NP
Aklavik,68.22,42.8,86,8.05,75,1537653600,CA
Mount Gambier,-37.83,48.11,89,5.41,12,1537654939,AU
Jilib,0.49,74.12,87,8.32,12,1537654939,SO
Port Alfred,-33.59,61.97,100,9.44,0,1537654939,ZA
Chokurdakh,70.62,33.26,99,4.41,92,1537654940,RU
Torbay,47.66,57.2,100,21.92,90,1537653600,CA
Tuktoyaktuk,69.44,32.0,100,10.29,75,1537653600,CA
Albany,42.65,64.04,51,6.93,75,1537653300,US
Hilo,19.71,82.04,64,9.17,75,1537653180,US
Busselton,-33.64,54.5,100,7.65,12,1537654941,AU
Mar del Plata,-46.43,41.0,100,11.68,92,1537654852,AR
Luganville,-15.51,76.37,100,18.16,36,1537654941,VU
Atuona,-9.8,79.25,100,10.89,36,1537654942,PF
Sao Filipe,14.9,79.97,91,14.47,0,1537654942,CV
Hermanus,-34.42,40.55,98,3.85,0,1537654942,ZA
Puerto Ayora,-0.74,80.6,54,10.29,20,1537650000,EC
Fortuna,38.18,73.4,88,4.7,0,1537653600,ES
Mataura,-46.19,52.79,74,14.25,8,1537654943,NZ
New Norfolk,-42.78,48.2,57,6.93,75,1537653600,AU
Oriximina,-1.77,91.04,48,6.2,0,1537654944,BR
Erdenet,49.03,20.03,69,2.51,0,1537654944,MN
Yellowknife,62.45,46.4,49,16.11,20,1537653600,CA
Meoqui,28.27,73.4,49,8.05,40,1537652700,MX
Mount Isa,-20.73,75.2,27,8.05,0,1537653600,AU
Ushuaia,-54.81,35.6,74,13.87,90,1537650000,AR
Narsaq,60.91,46.4,42,13.87,75,1537653000,GL
Ilulissat,69.22,28.4,46,9.17,0,1537653000,GL
Georgetown,6.8,84.2,74,6.93,20,1537650000,GY
Khatanga,71.98,40.1,97,5.53,80,1537654947,RU
Barquisimeto,10.07,82.4,61,11.41,40,1537650000,VE
Tiksi,71.64,28.13,100,6.87,20,1537654947,RU
Seoul,37.57,66.2,72,4.7,75,1537653600,KR
Rikitea,-23.12,71.15,100,6.87,44,1537654948,PF
Salalah,17.01,75.2,83,3.36,0,1537649400,OM
Provideniya,64.42,44.78,97,23.98,0,1537654948,RU
Kasongo-Lunda,-6.48,71.96,89,2.73,44,1537654949,CD
Airai,-8.93,59.63,82,1.95,0,1537654949,TL
Saskylakh,71.97,29.12,93,6.98,56,1537654949,RU
Dikson,73.51,41.81,90,16.04,92,1537654950,RU
Lorengau,-2.02,82.58,100,4.41,56,1537654864,PG
Khor,47.88,50.36,96,5.19,92,1537654950,RU
Junction City,39.03,71.96,42,3.36,1,1537649760,US
Lebu,8.96,59.0,58,9.17,75,1537650000,ET
Tam Ky,15.57,77.0,94,5.64,40,1537653600,VN
Kolomyya,48.53,42.8,100,2.24,75,1537651800,UA
Kavieng,-2.57,83.84,100,5.86,12,1537654998,PG
Chuy,-33.69,79.97,64,16.26,20,1537654998,UY
Khair,27.94,74.03,96,15.14,92,1537654999,IN
Nanortalik,60.14,37.58,100,18.5,92,1537654999,GL
Avarua,-21.21,75.2,78,13.87,75,1537653600,CK
Praia,-20.25,78.8,54,12.75,20,1537650000,BR
Bluff,-23.58,59.18,77,4.41,0,1537655000,AU
Ketchikan,55.34,60.98,44,16.11,1,1537653360,US
Punta Arenas,-53.16,37.4,55,8.05,75,1537650000,CL
Kalabo,-15.0,81.86,25,10.0,64,1537655000,ZM
Butaritari,3.07,84.83,100,8.99,0,1537655001,KI
Bethel,60.79,50.0,92,21.92,90,1537653960,US
Oistins,13.07,82.4,74,12.75,20,1537653600,BB
Padang,-0.92,81.41,100,5.41,20,1537655003,ID
Ribeira Grande,38.52,75.2,95,17.49,92,1537655003,PT
Port Blair,11.67,82.22,100,8.1,44,1537655003,IN
Luderitz,-26.65,56.21,77,17.83,12,1537655004,NA
Saldanha,41.42,59.81,72,2.73,0,1537655004,PT
East London,-33.02,65.12,100,13.47,68,1537655004,ZA
Coquimbo,-29.95,53.6,93,11.41,90,1537650000,CL
Jamestown,-33.21,36.68,75,2.51,24,1537655005,AU
Tasiilaq,65.61,35.6,69,6.93,64,1537653000,GL
Puerto Penasco,31.32,91.85,72,7.65,0,1537654801,MX
Ponta do Sol,-20.63,76.01,61,3.62,8,1537655006,BR
Victoria,5.28,77.0,94,2.95,75,1537653600,BN
Great Falls,47.5,66.02,44,12.75,1,1537653180,US
Santa Ana,13.99,91.4,52,4.7,20,1537649400,SV
San Francisco,37.78,87.08,42,3.18,1,1537652100,US
Marienberg,50.65,57.2,57,3.36,0,1537653600,DE
Fukue,35.03,69.8,83,4.7,20,1537651800,JP
Cape Town,-33.93,57.2,76,12.75,0,1537653600,ZA
Arraial do Cabo,-22.97,75.2,78,3.36,20,1537650000,BR
Svetlogorsk,53.14,53.6,76,4.47,75,1537651800,RU
Vila Velha,-3.71,80.6,78,10.29,0,1537653600,BR
Belaya Gora,68.54,33.44,98,3.96,88,1537655010,RU
Kodiak,39.95,73.04,39,5.82,1,1537653180,US
Hamilton,32.3,80.6,74,23.04,75,1537649700,BM
Poum,41.28,59.18,67,0.6,0,1537654869,MK
Faya,18.39,69.8,21,5.82,0,1537650000,SA
San Patricio,-26.98,87.08,68,5.64,20,1537655012,PY
Sargatskoye,55.6,46.76,97,7.87,24,1537655057,RU
Zhezkazgan,47.8,40.73,78,2.95,0,1537655058,KZ
Huancabamba,-5.24,72.95,41,2.95,20,1537655058,PE
Portland,45.52,69.98,58,11.41,75,1537653180,US
Goianesia,-15.32,77.36,58,7.09,64,1537655058,BR
Raudeberg,61.99,50.0,71,24.16,92,1537653000,NO
Xichang,27.88,56.03,100,1.72,100,1537655059,CN
Castro,-42.48,48.38,91,8.88,92,1537655060,CL
Armidale,-30.51,42.44,79,2.62,0,1537655060,AU
Upernavik,72.79,30.56,100,6.08,0,1537655060,GL
Rieti,42.4,58.73,94,1.95,0,1537655061,IT
Meulaboh,4.14,76.64,100,6.98,56,1537655061,ID
Omboue,-1.57,78.17,100,10.0,100,1537655061,GA
Hareid,62.37,48.2,87,16.11,92,1537653000,NO
Townsville,-19.26,73.4,53,9.17,40,1537653600,AU
Hobart,-42.88,48.2,57,6.93,75,1537653600,AU
Ivanteyevka,55.97,66.2,59,11.18,0,1537651800,RU
Martapura,-3.41,71.6,94,1.12,0,1537650000,ID
Praya,-8.71,73.4,88,2.24,20,1537653600,ID
Kathmandu,27.71,66.2,100,1.83,75,1537653000,NP
Northam,51.04,51.8,93,5.82,75,1537653000,GB
Kaitangata,-46.28,53.24,69,19.28,32,1537655064,NZ
Hasaki,35.73,71.6,88,6.93,75,1537651800,JP
Melendugno,40.27,71.6,83,6.93,0,1537653000,IT
Norman Wells,65.28,51.8,32,8.05,20,1537653600,CA
Luanda,-8.83,71.42,93,5.19,0,1537655065,AO
Daan,17.0,66.38,85,2.17,0,1537655066,YE
Vaini,15.34,69.53,98,2.73,92,1537655066,IN
Hit,33.64,79.43,25,8.99,0,1537655066,IQ
Vila Franca do Campo,37.72,73.4,83,4.7,20,1537653600,PT
Caravelas,-17.73,77.09,100,12.8,76,1537655067,BR
Morondava,-20.3,72.23,100,4.97,0,1537655067,MG
Faanui,-16.48,74.48,100,15.37,92,1537655067,PF
Pangody,65.85,43.25,93,3.18,44,1537654923,RU
Bosaso,11.28,80.51,100,6.98,0,1537655068,SO
Daru,7.99,73.13,98,5.64,88,1537655068,SL
Thompson,55.74,37.4,40,8.05,5,1537653600,CA
Talcahuano,-36.72,57.2,76,10.29,75,1537650000,CL
Shakiso,5.77,57.47,95,2.17,80,1537655070,ET
Novikovo,45.05,54.23,100,2.51,0,1537655070,UA
Bilibino,68.06,37.13,91,2.39,92,1537655070,RU
Vuktyl,63.86,51.71,93,6.98,48,1537655117,RU
Jablonec,48.33,57.2,82,3.36,0,1537653600,SK
Freeport,26.54,82.4,78,10.89,75,1537650000,BS
Mahebourg,-20.41,75.2,69,11.41,75,1537653600,MU
Gizo,31.8,77.0,73,3.36,20,1537653000,IL
Bonthe,7.53,76.28,98,3.62,20,1537655119,SL
Nikolskoye,59.7,51.8,81,4.47,0,1537651800,RU
Inirida,3.87,83.84,78,2.62,32,1537655119,CO
Qaanaaq,77.48,18.68,100,12.24,0,1537655119,GL
Polyarnyy,69.2,50.0,76,6.71,40,1537651800,RU
Pringsewu,-5.36,69.35,90,0.72,0,1537655120,ID
Anadyr,64.73,42.8,75,11.18,75,1537650000,RU
Ngunguru,-35.62,57.92,100,10.0,0,1537655121,NZ
Sept-Iles,50.2,46.4,31,20.8,20,1537653600,CA
Lasa,34.92,77.0,77,9.17,0,1537653600,CY
Aksu,52.04,51.8,93,11.18,90,1537651800,KZ
Sao Jose de Ribamar,-2.56,78.8,83,11.41,0,1537653600,BR
Port Elizabeth,39.31,73.94,59,10.29,40,1537653360,US
Margate,-43.03,48.2,57,6.93,75,1537653600,AU
Turmalina,-17.29,84.11,39,7.31,44,1537655123,BR
Kapaa,22.08,84.02,79,12.75,90,1537653360,US
Joshimath,30.57,34.34,100,0.94,92,1537655124,IN
Cerritos,33.86,98.96,40,8.05,1,1537653480,US
Camacha,33.08,73.4,78,11.41,40,1537653600,PT
Ulladulla,-35.36,53.6,93,8.05,80,1537650000,AU
Alugan,12.22,74.93,100,7.43,44,1537655125,PH
Thinadhoo,0.53,83.48,100,1.39,88,1537655126,MV
Nuuk,64.17,37.4,86,9.17,75,1537653000,GL
Comodoro Rivadavia,-45.87,44.6,93,9.17,75,1537650000,AR
Angoram,-4.06,77.54,90,2.73,48,1537655126,PG
Emerald,-23.53,57.11,80,2.95,0,1537655127,AU
Palana,59.08,41.9,95,3.96,88,1537655127,RU
Balkhash,46.84,53.96,100,8.55,12,1537655127,KZ
Taltal,-25.41,65.48,72,3.74,0,1537655128,CL
Tura,25.52,74.48,93,2.39,32,1537655128,IN
Cayenne,4.94,84.2,74,8.05,0,1537651800,GF
Namibe,-15.19,65.93,98,7.76,20,1537655129,AO
Port Lincoln,-34.72,53.24,100,10.22,32,1537655129,AU
Saint-Pierre,48.95,60.8,72,14.99,90,1537653600,FR
Deputatskiy,69.3,15.26,76,2.62,36,1537655130,RU
Avare,-23.1,79.61,51,3.62,0,1537654836,BR
Hobyo,5.35,76.37,86,20.62,0,1537655130,SO
Buin,-33.73,64.4,63,13.87,0,1537653600,CL
Salair,54.23,49.64,90,6.98,68,1537655131,RU
Kahului,20.89,87.98,57,18.34,40,1537653360,US
Hithadhoo,-0.6,83.93,100,7.65,56,1537655178,MV
Husavik,50.56,42.8,100,12.46,92,1537655178,CA
Gao,16.28,86.54,47,4.18,0,1537655178,ML
Kachiry,53.07,49.1,96,15.03,92,1537654926,KZ
Saint George,39.45,64.4,63,2.06,0,1537653000,GR
San Quintin,17.54,75.2,94,2.24,40,1537653600,PH
San Ignacio,-36.8,59.0,67,8.05,75,1537650000,CL
Cocle,8.45,79.16,100,2.39,48,1537655180,PA
Lompoc,34.64,73.04,69,17.22,1,1537653360,US
Karratha,-20.74,56.3,35,3.51,0,1537655181,AU
Nizwa,22.93,71.15,51,2.73,0,1537655181,OM
Mango,44.69,73.4,83,4.7,20,1537653000,IT
Bambous Virieux,-20.34,75.2,69,11.41,75,1537653600,MU
Taurage,55.25,50.36,99,12.8,92,1537655182,LT
Cherskiy,68.75,34.16,97,2.39,80,1537655182,RU
Nome,30.04,81.14,83,4.7,40,1537653300,US
Poyarkovo,49.62,50.54,99,6.42,92,1537655184,RU
College,64.86,48.2,92,8.05,90,1537653360,US
Jos,9.92,65.93,97,2.51,64,1537655184,NG
Santa Cecilia,5.35,84.2,79,5.82,75,1537653600,CO
Miri,10.31,68.45,95,3.74,48,1537655109,NG
Irbeyskoye,55.64,40.55,88,2.84,80,1537655185,RU
Vao,59.1,53.51,69,12.46,56,1537655185,EE
Ashibetsu,43.42,55.4,100,2.24,75,1537652400,JP
Sault Sainte Marie,46.49,60.98,53,9.17,20,1537653600,CA
Iqaluit,63.75,35.6,74,8.05,90,1537653600,CA
Cabo San Lucas,22.89,87.8,66,9.17,5,1537652520,MX
Ocean City,30.44,88.16,51,8.05,40,1537653360,US
General Roca,-39.03,69.8,16,24.16,20,1537650000,AR
Ewa Beach,21.32,84.92,63,9.17,90,1537653960,US
Rorvik,64.86,48.2,100,22.75,92,1537655188,NO
Pevek,69.7,41.9,100,4.52,92,1537655188,RU
Khonsa,26.99,67.91,96,0.49,8,1537655188,IN
Saint-Francois,46.42,64.4,68,3.18,90,1537653600,FR
Severo-Kurilsk,50.68,46.85,100,4.74,56,1537655189,RU
Helena,46.59,75.92,20,3.36,1,1537653180,US
Winslow,51.94,51.8,93,6.93,90,1537653360,GB
Kihei,20.76,87.98,57,18.34,40,1537653360,US
Mocuba,-16.84,68.63,93,3.62,0,1537655190,MZ
Riyadh,24.63,86.0,25,3.4,0,1537650000,SA
Huanren,41.26,44.87,100,2.17,0,1537655191,CN
Phan Thiet,10.93,78.89,100,3.62,24,1537655191,VN
Dingle,11.0,72.86,98,2.73,64,1537655192,PH
Kampene,-3.59,72.95,77,1.5,56,1537655192,CD
Nioro,13.79,83.75,72,4.74,0,1537655033,GM
Ankara,39.92,57.2,35,1.12,0,1537653000,TR
Chepareria,1.32,55.58,95,1.39,56,1537655237,KE
Rio Grande,-32.03,77.0,73,9.17,0,1537652700,BR
Maple Creek,49.91,55.04,80,7.43,64,1537655238,CA
Codrington,-28.95,54.5,90,2.95,44,1537655238,AU
Inhambane,-23.87,72.41,98,9.55,80,1537655238,MZ
Mandera,3.94,84.11,41,10.89,36,1537655239,ET
Saint-Augustin,44.83,66.2,77,5.82,0,1537653600,FR
Strezhevoy,60.73,42.8,100,2.84,68,1537651800,RU
Sao Joao da Barra,-21.64,73.4,78,13.87,75,1537653600,BR
Katsuura,33.93,68.0,94,4.7,75,1537651200,JP
Preobrazheniye,42.9,43.7,88,1.95,20,1537655240,RU
Berlevag,70.86,47.84,97,14.81,0,1537655240,NO
Clyde River,70.47,23.0,100,8.05,90,1537653960,CA
Klaksvik,62.23,42.8,75,11.41,76,1537653000,FO
Pokhara,28.21,61.25,66,3.4,92,1537655241,NP
Bandarbeyla,9.49,77.63,98,15.26,0,1537655241,SO
Tautira,-17.73,80.6,61,11.41,75,1537653600,PF
Darhan,49.49,23.9,68,3.51,0,1537655242,MN
Bathsheba,13.22,82.4,74,12.75,20,1537653600,BB
Okhotsk,59.36,38.12,100,7.99,20,1537655243,RU
Ugoofaaru,5.67,80.96,100,13.47,76,1537655243,MV
Bredasdorp,-34.53,44.6,93,3.36,0,1537653600,ZA
Lagoa,37.14,82.4,34,6.93,0,1537653600,PT
Jalu,29.03,76.55,48,6.87,0,1537655244,LY
Troitsko-Pechorsk,62.71,51.26,96,6.08,20,1537655244,RU
Teguise,29.06,75.2,78,13.87,20,1537653600,ES
Mianyang,31.46,67.37,98,4.97,76,1537655245,CN
Svetlaya,46.54,55.67,100,13.35,92,1537655245,RU
Kumbo,6.21,64.04,98,2.73,92,1537655245,CM
Mizdah,31.45,81.86,31,11.34,36,1537655246,LY
Adrar,27.87,87.8,29,12.75,40,1537653600,DZ
Uglegorsk,49.08,44.24,95,2.73,68,1537655246,RU
Espinosa,-14.92,76.28,73,2.39,48,1537655246,BR
Melville,50.93,33.8,92,11.41,90,1537654620,CA
Cabedelo,-6.97,75.2,78,11.41,0,1537650000,BR
Naze,5.43,72.14,95,4.41,64,1537655248,NG
Pecanha,-18.55,79.34,55,5.19,36,1537655248,BR
Cranbrook,49.51,64.4,42,6.93,75,1537654140,CA
Saint-Georges,46.12,52.7,54,6.42,0,1537655249,CA
Talnakh,69.49,43.16,93,10.45,92,1537655249,RU
Longyearbyen,78.22,33.8,64,21.92,75,1537649400,NO
Qasigiannguit,68.82,28.4,46,9.17,0,1537653000,GL
Plouzane,48.38,64.4,100,18.34,90,1537653600,FR
Ojinaga,29.56,75.2,58,5.3,20,1537655250,US
Nyzhnya Duvanka,49.58,63.68,54,11.45,0,1537655250,UA
Creel,27.75,68.54,63,3.96,32,1537655251,MX
Tifton,31.45,91.04,33,4.7,1,1537653360,US
Nishihara,35.74,73.4,80,3.36,90,1537653360,JP
Atbasar,51.81,49.46,95,8.55,92,1537655298,KZ
Axim,4.87,78.08,100,10.56,92,1537655298,GH
Cidreira,-30.17,75.83,74,10.45,0,1537655298,BR
Zhanakorgan,43.91,51.98,92,3.18,8,1537655147,KZ
Lucea,18.44,86.0,70,12.75,20,1537653600,JM
Suntar,62.16,46.22,77,6.98,76,1537655300,RU
Moose Factory,51.26,39.2,80,6.93,90,1537653600,CA
Ferme-Neuve,46.7,52.7,65,6.31,0,1537655300,CA
Jurmala,56.97,51.8,76,11.41,0,1537653000,LV
Baykit,61.68,29.84,81,2.95,0,1537655301,RU
Najran,17.54,77.0,16,2.24,0,1537650000,SA
A Coruna,43.37,64.4,93,3.36,75,1537653600,ES
Ryotsu,38.08,64.4,100,4.7,20,1537650600,JP
Kruisfontein,-34.0,55.58,97,5.41,0,1537655303,ZA
Tandalti,13.01,77.18,82,2.84,0,1537655303,SD
Buchanan,5.88,75.2,94,5.86,75,1537653600,LR
Diffa,13.32,79.7,48,4.29,0,1537655304,NE
Sabzevar,36.21,48.74,73,1.61,0,1537655304,IR
Makakilo City,21.35,84.92,63,9.17,90,1537653960,US
Baherden,38.44,58.73,75,2.39,0,1537655305,TM
Umea,63.83,51.8,71,9.17,0,1537653000,SE
Abu Samrah,35.3,68.0,65,8.21,0,1537655305,SY
Cabatuan,16.95,67.73,98,1.83,12,1537655305,PH
Russell,-33.01,91.4,41,14.99,0,1537650000,AR
Rawson,-43.3,60.71,47,11.9,88,1537655306,AR
Barrow,-38.31,69.98,43,14.81,0,1537655306,AR
Quelimane,-17.88,71.6,88,5.3,20,1537653600,MZ
Goderich,43.74,59.9,82,5.64,0,1537655124,CA
Okha,53.59,37.49,93,2.95,12,1537655307,RU
Ruginesti,46.07,55.4,82,14.99,40,1537653600,RO
Itaituba,-4.26,93.2,49,8.05,20,1537650000,BR
Lavrentiya,65.58,45.41,92,23.53,0,1537655308,RU
Arlit,18.74,86.63,25,2.62,44,1537655308,NE
Ghanzi,-21.7,68.09,29,9.22,0,1537655309,BW
Desaguadero,-16.56,57.74,34,9.55,0,1537655309,PE
Morehead,38.18,64.94,90,5.19,90,1537654620,US
Muzhi,65.4,46.4,83,11.68,76,1537655310,RU
San Rafael,-34.61,75.38,10,23.87,0,1537655310,AR
Sorland,67.67,50.36,100,34.94,92,1537655311,NO
Khandagayty,50.73,26.69,78,1.39,0,1537655311,MN
Mehamn,71.03,47.84,93,15.14,0,1537655311,NO
Chacabuco,-34.64,79.16,72,7.87,0,1537655312,AR
Rocha,-34.48,84.02,49,18.28,44,1537655312,UY
Chapais,49.78,41.0,52,10.29,90,1537653600,CA
Siderno,38.28,73.4,73,5.82,0,1537653000,IT
Flinders,-34.58,53.6,93,8.05,64,1537650000,AU
Port Hardy,50.7,60.8,51,13.87,20,1537653600,CA
Coihaique,-45.58,44.6,93,3.36,75,1537653600,CL
Keti Bandar,24.14,80.69,97,18.28,76,1537655358,PK
Nativitas,19.23,75.2,38,13.87,40,1537652460,MX
Pisco,-13.71,71.6,30,18.34,0,1537653600,PE
Port Macquarie,-31.43,60.8,63,6.93,0,1537653600,AU
Kokkola,63.84,50.0,81,16.11,0,1537653000,FI
Kurumkan,54.33,21.47,83,2.06,0,1537655360,RU
Sitka,37.17,74.48,49,6.2,0,1537655360,US
North Bend,43.41,64.94,75,9.17,75,1537653360,US
Campbell River,50.02,59.0,77,3.36,75,1537653600,CA
Bonfim,3.36,95.18,40,4.97,36,1537655361,GY
Kalmunai,7.42,72.32,100,4.41,8,1537655362,LK
Malindi,-3.22,77.63,84,15.7,80,1537655362,KE
San Fernando,-34.58,55.4,87,3.36,75,1537650000,CL
Geraldton,49.72,37.4,93,4.7,90,1537653600,CA
Namatanai,-3.66,81.86,100,6.53,20,1537655363,PG
Virginia Beach,36.85,82.22,79,5.82,90,1537653660,US
Barrhead,54.12,34.43,86,13.69,92,1537655363,CA
Kununurra,-15.77,64.4,55,3.36,0,1537653600,AU
La Ronge,55.1,41.0,44,8.05,20,1537653600,CA
Houma,35.63,55.31,74,2.84,32,1537655364,CN
Minab,27.15,84.2,83,4.7,0,1537651800,IR
Adeje,5.68,72.59,99,3.85,56,1537655365,NG
Imuris,30.78,91.67,31,5.41,0,1537655365,MX
Richards Bay,-28.77,62.96,100,2.73,56,1537655366,ZA
Tumarbong,10.38,79.25,100,9.44,32,1537655366,PH
Grafton,-29.69,55.94,94,2.17,64,1537655366,AU
Saint-Remi,45.27,57.2,47,10.29,20,1537653600,CA
Jiuquan,39.73,32.09,56,2.95,8,1537655367,CN
Carnarvon,-30.97,52.43,27,11.12,0,1537655367,ZA
Gilbues,-9.83,94.01,19,8.43,20,1537655368,BR
Yar-Sale,66.83,43.16,100,7.2,44,1537655368,RU
Taoudenni,22.68,87.62,17,8.55,8,1537655368,ML
Mildura,-34.18,47.66,92,9.22,0,1537655369,AU
Altamira,-3.2,87.8,70,3.62,20,1537650000,BR
Ocos,14.51,87.8,78,11.41,75,1537653600,GT
Farkhor,37.49,57.02,70,6.64,36,1537655370,TJ
Bundi,25.44,73.58,99,3.96,92,1537655370,IN
Hirara,24.8,77.0,94,7.54,20,1537651800,JP
Palmer,-34.85,55.4,82,5.82,75,1537653600,AU
Dubki,43.02,64.4,88,6.71,40,1537651800,RU
Yatou,3.63,79.36,100,10.76,36,1537655418,CM
Dwarka,28.58,77.0,94,11.41,40,1537653600,IN
Prado,-17.34,77.65,96,12.21,80,1537655419,BR
Douglas,31.34,82.94,29,11.41,1,1537653360,US
Gamba,28.28,25.36,78,2.48,44,1537655420,CN
Ust-Kuyga,70.0,29.77,80,5.17,88,1537655420,RU
Omsukchan,62.53,37.06,78,3.6,20,1537655420,RU
Kupang,-10.16,77.0,94,8.05,20,1537653600,ID
Olinda,-2.03,84.2,58,9.17,20,1537653600,EC
Wanning,48.64,53.6,87,3.36,75,1537653000,AT
Barra do Garcas,-15.89,89.6,52,2.24,75,1537650000,BR
Uyuni,-20.46,40.66,60,4.94,0,1537655422,BO
San Francisco del Mar,16.34,88.54,84,17.81,20,1537655423,MX
Hofn,64.25,40.48,100,3.15,64,1537655423,IS
Conde,-11.81,75.49,91,7.63,80,1537655423,BR
Tumut,-35.3,57.49,78,2.93,8,1537655424,AU
Sambava,-14.27,72.16,100,17.69,64,1537655424,MG
Porec,45.23,66.2,72,3.36,0,1537653600,HR
Adana,37.0,77.0,88,3.36,75,1537653000,TR
Acapulco,16.86,87.8,70,3.36,75,1537653000,MX
West Plains,36.73,64.94,81,8.05,90,1537653960,US
Baikunthpur,23.26,68.74,94,4.16,24,1537655425,IN
Qaqortoq,60.72,46.4,42,13.87,75,1537653000,GL
Tooele,40.53,86.0,19,16.11,1,1537653480,US
Sterling,39.0,73.94,67,11.41,90,1537653360,US
Trairi,-3.28,79.27,99,19.71,68,1537655426,BR
Guilin,25.28,73.4,94,2.24,20,1537650000,CN
Zeya,53.74,48.13,53,4.27,44,1537655427,RU
Vestmannaeyjar,63.44,38.95,100,6.51,0,1537655427,IS
Constitucion,23.99,73.4,56,9.17,90,1537652400,MX
Oranjemund,-28.55,57.22,92,19.04,0,1537655428,ZA
Gbadolite,4.28,72.43,95,2.15,0,1537655428,CD
Paita,-5.09,62.6,290,12.75,0,1537650000,PE
Vila,45.18,69.8,77,3.36,0,1537653000,IT
Estevan,49.14,39.2,100,25.28,90,1537654500,CA
Grindavik,63.84,39.2,64,5.82,20,1537651800,IS
Uruzgan,32.93,29.86,71,1.14,0,1537655429,AF
Wamba,2.14,68.02,97,2.15,20,1537655430,CD
Buinsk,54.97,52.99,93,6.17,0,1537655430,RU
Nantucket,41.28,66.02,69,13.87,1,1537654500,US
Isangel,-19.55,71.44,100,17.69,8,1537655431,VU
Kursenai,55.98,50.0,81,13.87,20,1537653000,LT
Bealanana,-14.54,50.65,93,2.48,12,1537655477,MG
Spornoye,50.84,64.4,52,11.18,0,1537651800,RU
Birao,10.3,74.05,79,3.38,0,1537655478,CF
Yulara,-25.24,57.2,33,6.93,0,1537653600,AU
Kuching,1.56,77.0,94,2.15,75,1537653600,MY
Narrabri,-30.33,68.56,45,5.5,0,1537655479,AU
Arkhangelsk,64.54,60.8,93,11.18,40,1537651800,RU
Celestun,20.87,84.76,95,19.26,20,1537655479,MX
Batagay-Alyta,67.8,25.81,73,2.71,80,1537655480,RU
Shatsk,51.49,48.2,93,6.71,0,1537650000,UA
Cockburn Town,21.46,83.93,99,11.45,0,1537655318,TC
Brownwood,31.71,66.56,88,13.87,90,1537653300,US
Walvis Bay,-22.95,53.6,81,5.82,24,1537653600,NA
Shepsi,44.04,71.44,100,5.28,8,1537655481,RU
Beloha,-25.17,68.92,95,9.42,80,1537655482,MG
Gibara,21.11,86.0,55,11.41,20,1537653000,CU
Kulunda,52.57,49.66,94,13.56,68,1537655482,RU
Jiexiu,37.02,45.16,70,2.71,0,1537655482,CN
Ngara,-2.51,58.3,82,2.48,0,1537655483,TZ
Griffith,-34.29,66.04,59,5.73,0,1537655484,AU
Alta Floresta,-9.87,89.6,46,1.12,20,1537650000,BR
Gulu,2.77,63.07,96,3.71,20,1537655484,UG
Kudahuvadhoo,2.67,82.6,100,8.19,76,1537655484,MV
San Cristobal,-0.39,62.6,55,18.34,40,1537653600,EC
Paso de Carrasco,-34.86,73.4,83,6.17,90,1537653600,UY
Ashland,38.48,69.98,70,6.93,90,1537653060,US
Poso,-1.4,80.17,100,4.94,8,1537655486,ID
Solnechnyy,50.72,51.82,65,3.94,64,1537655486,RU
Basco,40.33,71.96,49,4.7,1,1537654500,US
Amberg,49.45,55.4,88,3.15,90,1537653360,DE
Maceio,-9.67,73.4,83,6.93,0,1537653600,BR
Itoman,26.12,82.4,92,2.37,1,1537653360,JP
Shimoda,34.7,76.12,100,17.25,100,1537655488,JP
Henties Bay,-22.12,54.43,100,4.16,24,1537655488,NA
Dzhebariki-Khaya,62.22,39.38,99,7.31,92,1537655366,RU
Rio Gallegos,-51.62,41.0,56,11.41,40,1537653600,AR
Quatre Cocos,-20.21,75.2,69,11.41,75,1537653600,MU
Senador Pompeu,-5.58,74.41,48,4.94,0,1537655489,BR
Westport,53.8,46.87,91,8.41,92,1537655481,IE
Kavaratti,10.57,80.26,100,3.49,32,1537655490,IN
Gondar,41.82,64.4,93,5.82,0,1537653600,PT
Calvinia,-31.47,33.82,71,2.59,0,1537655491,ZA
Hudson Bay,52.86,36.07,50,5.61,68,1537655454,CA
Puerto Escondido,15.86,89.6,66,8.05,75,1537652400,MX
Athabasca,54.72,37.87,52,13.0,92,1537655491,CA
Ahuimanu,21.44,84.92,69,9.17,40,1537653960,US
Vostok,46.45,51.91,97,2.93,88,1537655537,RU
Half Moon Bay,37.46,87.98,93,6.93,90,1537653360,US
Tarko-Sale,64.92,39.49,95,5.61,64,1537655538,RU
Black River,18.03,86.0,70,12.75,20,1537653600,JM
Derzhavinsk,51.1,48.76,81,9.08,92,1537655538,KZ
Obihiro,42.92,58.21,100,3.04,88,1537655539,JP
Oussouye,12.49,80.6,94,4.7,0,1537653600,SN
Vanimo,-2.67,80.53,100,7.85,36,1537655539,PG
Podor,16.65,84.94,58,13.0,48,1537655540,MR
Moranbah,-22.0,74.77,45,12.21,0,1537655540,AU
Moron,10.49,71.53,95,2.37,92,1537655540,VE
Tongchuan,34.9,53.6,93,1.48,0,1537650000,CN
Ancud,-41.87,47.14,98,8.97,92,1537655541,CL
Sesheke,-17.47,70.27,32,8.63,0,1537655541,NA
Amudat,1.95,59.11,90,2.26,44,1537655541,UG
Altoona,40.52,62.06,67,5.82,1,1537653300,US
Rognan,67.1,46.4,93,39.15,75,1537653000,NO
Lata,30.78,52.36,100,1.7,92,1537655542,IN
Kirakira,-10.46,80.44,100,11.1,36,1537655543,SB
Vardo,39.62,69.8,60,9.17,1,1537653300,US
Sinnamary,5.38,82.42,93,11.99,0,1537655543,GF
Buraydah,26.33,86.0,28,3.36,0,1537653600,SA
Tateyama,36.66,62.6,93,1.12,40,1537650600,JP
Faranah,10.04,72.88,94,4.94,68,1537655544,GN
Beringovskiy,63.05,45.79,100,14.23,80,1537655544,RU
Khuzdar,27.8,54.07,82,2.48,0,1537655545,PK
Grado,43.39,62.6,100,2.24,0,1537653600,ES
Emba,34.81,77.0,77,9.17,0,1537653600,CY
Terekli-Mekteb,44.16,59.2,95,8.86,0,1537655546,RU
Kavadarci,41.43,64.4,72,3.36,0,1537653600,MK
Guerrero Negro,27.97,77.11,70,12.21,0,1537655547,MX
Segezha,63.74,52.81,79,11.54,80,1537655547,RU
Beidao,34.57,54.07,96,2.48,88,1537655547,CN
Mangai,-4.07,70.36,99,2.71,56,1537655547,CD
Nouadhibou,20.93,69.8,83,16.11,0,1537653600,MR
Sooke,48.37,66.2,77,13.87,75,1537653600,CA
Uige,-7.61,64.69,95,2.15,44,1537655548,AO
Tari,12.41,74.86,91,2.93,44,1537655549,NG
Fairfield,38.25,89.6,20,8.05,1,1537653300,US
Samarai,-10.62,77.92,100,18.81,92,1537655549,PG
Inuvik,68.36,42.8,75,6.73,75,1537653600,CA
Yeppoon,-23.13,68.0,68,8.05,0,1537653600,AU
Arman,59.7,46.4,93,1.81,32,1537653600,RU
Monterey,36.6,80.6,67,8.05,1,1537653300,US
Shihezi,44.3,45.43,82,3.15,12,1537655551,CN
Kashiwazaki,37.37,69.46,92,2.93,12,1537655597,JP
Ayan,40.67,39.04,80,2.15,0,1537655598,TR
Bambanglipuro,-7.95,73.06,81,3.94,12,1537655598,ID
Hami,42.84,48.4,42,7.29,36,1537655598,CN
Aranos,-24.14,64.42,22,3.94,0,1537655598,NA
Yumen,40.29,39.22,62,7.52,0,1537655599,CN
Antofagasta,-23.65,60.8,72,13.87,20,1537653600,CL
San Roque,0.3,53.26,88,1.36,0,1537655600,EC
Cuencame,24.87,65.68,89,6.85,92,1537655600,MX
Dicabisagan,17.08,78.28,100,5.73,12,1537655600,PH
Arandis,-22.42,62.44,92,2.37,64,1537655601,NA
Am Timan,11.04,71.71,90,2.82,44,1537655601,TD
Katete,-0.78,60.19,83,2.48,44,1537655601,UG
La Romana,18.43,82.4,83,6.4,40,1537653600,DO
Hualmay,-11.1,62.71,80,6.62,32,1537655602,PE
Price,39.6,69.91,19,4.94,44,1537655602,US
Antequera,-24.09,86.56,49,5.61,0,1537655602,PY
Pangnirtung,66.15,32.02,91,5.39,88,1537655603,CA
Sassandra,4.95,77.56,98,11.43,88,1537655603,CI
Magallanes,12.83,80.62,100,8.75,64,1537655603,PH
Renqiu,38.71,59.56,41,8.75,0,1537655603,CN
Sarangani,5.4,82.42,99,17.36,8,1537655604,PH
Saint-Joseph,43.56,75.2,88,4.7,0,1537653600,FR
Buta,2.79,74.32,96,2.26,20,1537655605,CD
Carupano,10.67,80.26,94,10.76,56,1537655605,VE
Antalaha,-14.9,68.83,95,9.08,80,1537655605,MG
Beja,38.02,78.8,44,9.17,0,1537653600,PT
Kieta,-6.22,79.72,100,3.71,64,1537655606,PG
Kwinana,-32.25,57.2,100,4.7,0,1537653600,AU
Banjar,-7.37,69.64,97,2.59,80,1537655606,ID
Mlonggo,-6.53,79.63,87,6.29,0,1537655607,ID
High Level,58.52,50.0,25,6.93,5,1537653600,CA
Muros,42.77,60.8,100,1.12,0,1537653600,ES
Maldonado,-34.91,77.0,73,4.7,90,1537653600,UY
Luziania,-16.25,75.2,50,5.82,20,1537653600,BR
Kuandian,40.73,57.13,76,3.83,76,1537655608,CN
Merauke,-8.49,82.15,75,16.8,20,1537655609,ID
Gold Coast,-28.0,68.0,60,6.93,44,1537653600,AU
Manitouwadge,49.12,50.0,93,9.17,90,1537650000,CA
Grand Gaube,-20.01,75.2,69,11.41,75,1537653600,MU
Ulaanbaatar,47.92,19.4,92,2.24,0,1537653600,MN
Dodola,10.12,70.63,97,5.61,80,1537655610,BF
Kutum,14.2,74.95,51,10.65,0,1537655610,SD
Kamaishi,39.28,69.19,78,9.31,0,1537655611,JP
Tahe,52.34,45.97,80,6.51,68,1537655611,CN
Porbandar,21.64,80.62,85,15.01,92,1537655611,IN
Amurzet,47.69,50.65,100,4.61,0,1537655611,CN
Brae,60.4,46.4,70,18.34,80,1537653000,GB
Bilma,18.69,83.77,18,4.16,76,1537655658,NE
Taungdwingyi,20.0,77.56,92,3.71,76,1537655658,MM
Nemuro,43.32,60.1,100,17.02,92,1537655518,JP
Arica,-18.48,62.6,67,6.93,75,1537653600,CL
Kloulklubed,7.04,80.6,83,12.75,90,1537653000,PW
Urengoy,65.96,44.62,89,4.94,68,1537655659,RU
Zaragoza,41.65,77.0,47,10.29,0,1537653600,ES
Southbridge,42.08,68.0,59,6.93,75,1537653360,US
Los Llanos de Aridane,28.66,75.2,73,17.22,8,1537653600,ES
Borogontsy,62.67,42.82,85,6.96,92,1537655660,RU
Ixtapa,20.71,86.0,84,11.41,90,1537652700,MX
Wattegama,7.35,66.94,92,3.04,32,1537655661,LK
Souillac,45.6,68.0,77,8.05,90,1537653600,FR
Nove Hrady,48.79,49.03,77,3.04,68,1537655661,CZ
Fort Nelson,58.81,55.4,28,9.17,5,1537653600,CA
Taonan,45.34,47.32,88,6.96,80,1537655662,CN
The Valley,18.22,84.2,69,9.17,20,1537653600,AI
